{
"alpha_0":2.8,
"CL_0":0.6,
"CM_0":0.0,

"CL_alpha": 5.594302,
"CM_alpha":-0.861618,

"CY_beta":-0.283515,
"Cl_beta":-0.051280,
"CN_beta": 0.116003,

"CY_p": 0.093623,
"Cl_p":-0.525350,
"CN_p":-0.043544,

"CL_q": 11.511523,
"CM_q":-49.140793,

"CY_r" :0.238169,
"Cl_r" :0.141515,
"CN_r" :0.101477,

"CY_delta_aile":-0.001481,
"Cl_delta_aile": 0.008281,
"CN_delta_aile": 0.000505,

"CL_delta_elev": 0.014757,
"CM_delta_elev":-0.065058,

"CY_delta_rud":-0.004035,
"Cl_delta_rud":-0.000223,
"CN_delta_rud": 0.001661,

"CD_0":0.017,
"Sw":0.415,
"chord":0.068,
"span":0.61,
"mass":0.05,
"inertia":
[[0.0005,0,0],
    [0, 0.0025,0],
    [0,0,0.003]]
}